INSERT IGNORE INTO spell_spe (id, name, description) VALUES (1, 'Désintégrant', 'Réduit à néant le corps de la cible, ne laissant aucun cadavre.');
INSERT IGNORE INTO spell_spe (id, name, description) VALUES (2, 'Revigorant', 'Le sorcier absorbe l''âme de la ciblée tuée, et récupère 2PV.');
INSERT INTO spell (id, name, niveau, rapide, description, amp, degat, zone, cmb) VALUES (1, 'Avada Kedavra', 7, false, 'Tue la cible. Il s''agit de l''un des trois sortilèges impardonnables, dont l''usage est strictement interdit et passible d''une peine d''emprisonnement à vie.', 5, NULL, 1, 0);
INSERT INTO spell_spell_type (spell_id, spell_type_id) SELECT 1, id FROM spell_type WHERE LOWER(name) = 'arts occultes';
INSERT INTO spell_spell_spe (spell_id, spell_spe_id) VALUES (1, 1);
INSERT INTO spell_spell_spe (spell_id, spell_spe_id) VALUES (1, 2);
INSERT IGNORE INTO spell_spe (id, name, description) VALUES (3, 'Destructeur', 'En formulant la variante Bombarda Maxima, le sort gagne Zone+1, Dgts+1 contre les corps, et Dgts+2 contre les structures.');
INSERT IGNORE INTO spell_spe (id, name, description) VALUES (4, 'Mesuré', 'Le sort n''affecte plus les personnages alliés.');
INSERT INTO spell (id, name, niveau, rapide, description, amp, degat, zone, cmb) VALUES (2, 'Bombarda', 3, false, 'Provoque une explosion brutale et ardente, affectant les corps comme les structures.', 9, 1, 2, 0);
INSERT INTO spell_spell_type (spell_id, spell_type_id) SELECT 2, id FROM spell_type WHERE LOWER(name) = 'magie defensive';
INSERT INTO spell_spell_type (spell_id, spell_type_id) SELECT 2, id FROM spell_type WHERE LOWER(name) = 'magie elementaire';
INSERT INTO spell_spell_spe (spell_id, spell_spe_id) VALUES (2, 3);
INSERT INTO spell_spell_spe (spell_id, spell_spe_id) VALUES (2, 4);
INSERT IGNORE INTO spell_spe (id, name, description) VALUES (5, 'Rapide', 'Gagne la propriété 🟡');
INSERT IGNORE INTO spell_spe (id, name, description) VALUES (6, 'Brusque', 'Dgts+1.');
INSERT INTO spell (id, name, niveau, rapide, description, amp, degat, zone, cmb) VALUES (3, 'Catapulto', 1, false, 'Fait sursauter une structure amovible à la manière d''un tremplin : planche, table, porte, etc.', 12, 0, 1, 0);
INSERT INTO spell_spell_type (spell_id, spell_type_id) SELECT 3, id FROM spell_type WHERE LOWER(name) = 'magie defensive';
INSERT INTO spell_spell_spe (spell_id, spell_spe_id) VALUES (3, 5);
INSERT INTO spell_spell_spe (spell_id, spell_spe_id) VALUES (3, 6);
INSERT IGNORE INTO spell_spe (id, name, description) VALUES (7, 'Déstabilisant', 'La cible lancer 1d10. Si le résultat est strictement inférieur à 6, la cible de son prochain sort est désignée au hasard.');
INSERT IGNORE INTO spell_spe (id, name, description) VALUES (8, 'Informulé', 'Le sort peut être lancé sans en prononcer l''incantation, et bénéficie d''Amp+3.');
INSERT INTO spell (id, name, niveau, rapide, description, amp, degat, zone, cmb) VALUES (4, 'Confundo', 3, false, 'Rend brièvement la cible confuse et pataude, maladroite. Elle subit un malus de 2 à l''Amp de son prochain sort.', 8, 0, 1, 1);
INSERT INTO spell_spell_type (spell_id, spell_type_id) SELECT 4, id FROM spell_type WHERE LOWER(name) = 'magie defensive';
INSERT INTO spell_spell_type (spell_id, spell_type_id) SELECT 4, id FROM spell_type WHERE LOWER(name) = 'entraves';
INSERT INTO spell_spell_spe (spell_id, spell_spe_id) VALUES (4, 7);
INSERT INTO spell_spell_spe (spell_id, spell_spe_id) VALUES (4, 8);
INSERT IGNORE INTO spell_spe (id, name, description) VALUES (9, 'Perçant', 'Amp+4 lorsqu''opposé à un sortilège défensif.');
INSERT IGNORE INTO spell_spe (id, name, description) VALUES (10, 'Fracassant', 'Inflige 1 Dgts supplémentaire si la cible a déjà subi plus de 2 Dgts ce tour-ci.');
INSERT INTO spell (id, name, niveau, rapide, description, amp, degat, zone, cmb) VALUES (5, 'Confrigo', 3, false, 'Provoque une explosion précise et localisée, au souffle ne risquant pas de causer de dommages collatéraux.', 10, 1, 1, 0);
INSERT INTO spell_spell_type (spell_id, spell_type_id) SELECT 5, id FROM spell_type WHERE LOWER(name) = 'magie defensive';
INSERT INTO spell_spell_type (spell_id, spell_type_id) SELECT 5, id FROM spell_type WHERE LOWER(name) = 'magie elementaire';
INSERT INTO spell_spell_spe (spell_id, spell_spe_id) VALUES (5, 9);
INSERT INTO spell_spell_spe (spell_id, spell_spe_id) VALUES (5, 10);
INSERT IGNORE INTO spell_spe (id, name, description) VALUES (11, 'Cruel', 'Chaque fois que la cible passe son tour du fait des effets de Doloris, elle perd 1PV.');
INSERT IGNORE INTO spell_spe (id, name, description) VALUES (12, 'Ravageur', 'Chaque tour passé sous les effets de Doloris fait perdre des fonctions mentales à la cible, définitivement.');
INSERT INTO spell (id, name, niveau, rapide, description, amp, degat, zone, cmb) VALUES (6, 'Doloris', 7, false, 'Provoque d''abjectes douleur à la cible, l''intensité de celles-ci dépendant de la volonté de nuire du sorcier. La cible passe son prochain tour, et Doloris gagne Amp+8 si relancé au tour suivant sur la même cible. Il s''agit de l''un des trois sortilèges impardonnables, dont l''usage est strictement interdit et passible d''une peine d''emprisonnement à vie.', 5, 0, 1, 3);
INSERT INTO spell_spell_type (spell_id, spell_type_id) SELECT 6, id FROM spell_type WHERE LOWER(name) = 'arts occultes';
INSERT INTO spell_spell_spe (spell_id, spell_spe_id) VALUES (6, 11);
INSERT INTO spell_spell_spe (spell_id, spell_spe_id) VALUES (6, 12);
INSERT IGNORE INTO spell_spe (id, name, description) VALUES (13, 'Dirigé', 'L''arme de la cible est propulsée spécifiquement dans votre direction.');
INSERT INTO spell (id, name, niveau, rapide, description, amp, degat, zone, cmb) VALUES (7, 'Expelliarmus', 3, false, 'Fait sauter des mains de la cible l''arme qu''il porte, baguettes incluses.', 10, 0, 1, 0);
INSERT INTO spell_spell_type (spell_id, spell_type_id) SELECT 7, id FROM spell_type WHERE LOWER(name) = 'magie defensive';
INSERT INTO spell_spell_spe (spell_id, spell_spe_id) VALUES (7, 13);
INSERT INTO spell_spell_spe (spell_id, spell_spe_id) VALUES (7, 5);
INSERT IGNORE INTO spell_spe (id, name, description) VALUES (14, 'Durable', 'Le gain d''Amp s''applique aux quatre prochains jets concernant le sort renforcé.');
INSERT IGNORE INTO spell_spe (id, name, description) VALUES (15, 'Offensif', 'Utilisation alternative permettant de renforcer un sortilège offensif pour les deux prochains jets le concernant.');
INSERT INTO spell (id, name, niveau, rapide, description, amp, degat, zone, cmb) VALUES (8, 'Fianto Duri', 3, false, 'Renforce un sortilège de protection ou de barrière actif, lui offrant Amp+4 pour les deux prochains jets de dé le concernant.', 10, 0, 1, 0);
INSERT INTO spell_spell_type (spell_id, spell_type_id) SELECT 8, id FROM spell_type WHERE LOWER(name) = 'magie defensive';
INSERT INTO spell_spell_type (spell_id, spell_type_id) SELECT 8, id FROM spell_type WHERE LOWER(name) = 'sortileges';
INSERT INTO spell_spell_spe (spell_id, spell_spe_id) VALUES (8, 14);
INSERT INTO spell_spell_spe (spell_id, spell_spe_id) VALUES (8, 15);
INSERT IGNORE INTO spell_spe (id, name, description) VALUES (16, 'Duelliste', 'Si confronté à un sortilège défensif, Amp+4.');
INSERT INTO spell (id, name, niveau, rapide, description, amp, degat, zone, cmb) VALUES (9, 'Flipendo', 1, false, 'Impacte la cible d''une détonation intangible', 12, 1, 1, 0);
INSERT INTO spell_spell_type (spell_id, spell_type_id) SELECT 9, id FROM spell_type WHERE LOWER(name) = 'magie defensive';
INSERT INTO spell_spell_spe (spell_id, spell_spe_id) VALUES (9, 16);
INSERT INTO spell_spell_spe (spell_id, spell_spe_id) VALUES (9, 5);
INSERT IGNORE INTO spell_spe (id, name, description) VALUES (17, 'Discriminant', 'Informe le sorcier du nombre de sorciers et moldus repérés de la sorte.');
INSERT IGNORE INTO spell_spe (id, name, description) VALUES (18, 'Chasseur', 'Révèle également la présence des créatures non-humanoïdes.');
INSERT INTO spell (id, name, niveau, rapide, description, amp, degat, zone, cmb) VALUES (10, 'Hominum Revelio', 5, false, 'Révèle la présence d''humanoïdes aux alentours du sorcier, mais ne dissipe pas les sortilèges de camouflage. Si un individu invisible est présent, le sorcier le saura, mais ne saura pas où il se situe exactement.', 10, 0, 2, 0);
INSERT INTO spell_spell_type (spell_id, spell_type_id) SELECT 10, id FROM spell_type WHERE LOWER(name) = 'magie defensive';
INSERT INTO spell_spell_type (spell_id, spell_type_id) SELECT 10, id FROM spell_type WHERE LOWER(name) = 'sortileges';
INSERT INTO spell_spell_spe (spell_id, spell_spe_id) VALUES (10, 17);
INSERT INTO spell_spell_spe (spell_id, spell_spe_id) VALUES (10, 18);
INSERT IGNORE INTO spell_spe (id, name, description) VALUES (19, 'Double', 'Peut affecter deux cibles.');
INSERT INTO spell (id, name, niveau, rapide, description, amp, degat, zone, cmb) VALUES (11, 'Lapsucorpus', 1, false, 'Affecte promptement l''équilibre de la cible, à la manière d''un croc-en-jambe effectué à distance. Le sort bénéficie d''Amp+3 contre les cibles de grande taille.', 11, 0, 1, 1);
INSERT INTO spell_spell_type (spell_id, spell_type_id) SELECT 11, id FROM spell_type WHERE LOWER(name) = 'magie defensive';
INSERT INTO spell_spell_spe (spell_id, spell_spe_id) VALUES (11, 19);
INSERT INTO spell_spell_spe (spell_id, spell_spe_id) VALUES (11, 6);
INSERT IGNORE INTO spell_spe (id, name, description) VALUES (20, 'Accablant', 'Cmb+1.');
INSERT IGNORE INTO spell_spe (id, name, description) VALUES (21, 'Alourdissant', 'Le prochain sort de la cible subit un malus d''Amp-3.');
INSERT INTO spell (id, name, niveau, rapide, description, amp, degat, zone, cmb) VALUES (12, 'Locomotor Wibbly', 3, false, 'Rend les jambes de la cible particulièrement molles et inefficaces. La cible ne peut plus utiliser d''action rapide pour 1d3 tour - représentant la durée d''activité du sort.', 9, 0, 1, 0);
INSERT INTO spell_spell_type (spell_id, spell_type_id) SELECT 12, id FROM spell_type WHERE LOWER(name) = 'magie defensive';
INSERT INTO spell_spell_type (spell_id, spell_type_id) SELECT 12, id FROM spell_type WHERE LOWER(name) = 'entraves';
INSERT INTO spell_spell_spe (spell_id, spell_spe_id) VALUES (12, 20);
INSERT INTO spell_spell_spe (spell_id, spell_spe_id) VALUES (12, 21);
INSERT IGNORE INTO spell_spe (id, name, description) VALUES (22, 'Épars', 'Zone+1');
INSERT IGNORE INTO spell_spe (id, name, description) VALUES (23, 'Excessif', 'Gagne la propriété :Pentagram: et +1 Dgts, la cible se mettant à abondamment saigner du nez.');
INSERT INTO spell (id, name, niveau, rapide, description, amp, degat, zone, cmb) VALUES (13, 'Mucus Ad Nauseam', 1, false, 'Enrhume au sens premier la cible, dont le nez se met à couler abondamment. Les effets durent le temps d''un rhume classique, à moins qu''ils ne soient dissipés par magie.', 9, 0, 1, 1);
INSERT INTO spell_spell_type (spell_id, spell_type_id) SELECT 13, id FROM spell_type WHERE LOWER(name) = 'magie defensive';
INSERT INTO spell_spell_spe (spell_id, spell_spe_id) VALUES (13, 22);
INSERT INTO spell_spell_spe (spell_id, spell_spe_id) VALUES (13, 23);
INSERT IGNORE INTO spell_spe (id, name, description) VALUES (24, 'Furtif', 'Variante du sort n''infligeant pas de Dgts, mais provoquant une irritation telle que la cible est atteinte de cécité partielle durant une courte durée, et pouvant être lancée sans en prononcer la formule. En situation de combat, la réduction d''Amp passe à 5, mais le sort subit un malus d''Amp-4.');
INSERT INTO spell (id, name, niveau, rapide, description, amp, degat, zone, cmb) VALUES (14, 'Oculus Rufus', 5, false, 'Irrite gravement les organes visuels de la cible, réduisant l''Amp de tous ses sorts pour le tour en cours de 3.', 12, 1, 1, 0);
INSERT INTO spell_spell_type (spell_id, spell_type_id) SELECT 14, id FROM spell_type WHERE LOWER(name) = 'magie defensive';
INSERT INTO spell_spell_spe (spell_id, spell_spe_id) VALUES (14, 18);
INSERT INTO spell_spell_spe (spell_id, spell_spe_id) VALUES (14, 24);
INSERT IGNORE INTO spell_spe (id, name, description) VALUES (25, 'Réverbérant', 'Si le sort pare efficacement un sortilège ennemi, le sortilège ricoche vers une autre cible, désignée au hasard, parmi tous les combattants présents.');
INSERT INTO spell (id, name, niveau, rapide, description, amp, degat, zone, cmb) VALUES (15, 'Protego', 5, true, 'Érige une barrière invisible encaissant un sortilège ennemi à la place du sorcier.', 11, 0, 1, 0);
INSERT INTO spell_spell_type (spell_id, spell_type_id) SELECT 15, id FROM spell_type WHERE LOWER(name) = 'magie defensive';
INSERT INTO spell_spell_spe (spell_id, spell_spe_id) VALUES (15, 22);
INSERT INTO spell_spell_spe (spell_id, spell_spe_id) VALUES (15, 25);
INSERT IGNORE INTO spell_spe (id, name, description) VALUES (26, 'Organique', 'Peut également cibler des êtres vivants, les forçant à annuler une métamorphose, un déguisement, etc.');
INSERT IGNORE INTO spell_spe (id, name, description) VALUES (27, 'Inversé', 'Usage alternatif du sort, via la formule Incaforma : force la cible à maintenir sa forme actuelle.');
INSERT INTO spell (id, name, niveau, rapide, description, amp, degat, zone, cmb) VALUES (16, 'Revelare', 5, false, 'Révèle la forme d''origine de l''objet cible.', 10, 0, 1, 0);
INSERT INTO spell_spell_type (spell_id, spell_type_id) SELECT 16, id FROM spell_type WHERE LOWER(name) = 'magie defensive';
INSERT INTO spell_spell_spe (spell_id, spell_spe_id) VALUES (16, 26);
INSERT INTO spell_spell_spe (spell_id, spell_spe_id) VALUES (16, 27);
INSERT IGNORE INTO spell_spe (id, name, description) VALUES (28, 'Persistant', 'Permet d''engluer ses signaux colorés à une surface, sur laquelle ils continueront de luire pour plusieurs heures ou jusqu''à que le sorcier dissipe volontairement le sort.');
INSERT IGNORE INTO spell_spe (id, name, description) VALUES (29, 'Spectaculaire', 'Crée des formes grandioses similaire à des feux d''artifices, le sort pouvant, selon le résultat du dé, s''étendre d''une Zone de 1 à 3.');
INSERT INTO spell (id, name, niveau, rapide, description, amp, degat, zone, cmb) VALUES (17, 'Scintalor', 1, true, 'Propulse du bout de la baguette des étincelles colorées pouvant s''élever à la manière de fusées de détresse.', 11, 0, 1, 0);
INSERT INTO spell_spell_type (spell_id, spell_type_id) SELECT 17, id FROM spell_type WHERE LOWER(name) = 'magie defensive';
INSERT INTO spell_spell_type (spell_id, spell_type_id) SELECT 17, id FROM spell_type WHERE LOWER(name) = 'sortileges';
INSERT INTO spell_spell_spe (spell_id, spell_spe_id) VALUES (17, 28);
INSERT INTO spell_spell_spe (spell_id, spell_spe_id) VALUES (17, 29);
INSERT IGNORE INTO spell_spe (id, name, description) VALUES (30, 'Violent', 'Gagne la propriété 💪.');
INSERT IGNORE INTO spell_spe (id, name, description) VALUES (31, 'Maudit', 'Si la cible subit les Dgts du sort, elle ne peut plus récupérer de PV par des moyens magiques jusqu''à la fin du combat.');
INSERT INTO spell (id, name, niveau, rapide, description, amp, degat, zone, cmb) VALUES (18, 'Sectumsempra', 5, false, 'Zèbre le corps de la cible de multiples entailles profondes et sanguinolentes.', 10, 2, 1, 0);
INSERT INTO spell_spell_type (spell_id, spell_type_id) SELECT 18, id FROM spell_type WHERE LOWER(name) = 'arts occultes';
INSERT INTO spell_spell_spe (spell_id, spell_spe_id) VALUES (18, 30);
INSERT INTO spell_spell_spe (spell_id, spell_spe_id) VALUES (18, 31);
INSERT IGNORE INTO spell_spe (id, name, description) VALUES (32, 'Messager', 'Le patronus peut voyager sur de longues distances et délivrer un message vocal.');
INSERT INTO spell (id, name, niveau, rapide, description, amp, degat, zone, cmb) VALUES (19, 'Spero Patronum', 5, false, 'Répousse les créatures occultes, les mauvais esprits, les sortilèges de terreur ou de désespoir, via l''invocation d''un familier éphémère unique au sorcier : le patronus.', 12, 0, 1, 0);
INSERT INTO spell_spell_type (spell_id, spell_type_id) SELECT 19, id FROM spell_type WHERE LOWER(name) = 'magie defensive';
INSERT INTO spell_spell_spe (spell_id, spell_spe_id) VALUES (19, 22);
INSERT INTO spell_spell_spe (spell_id, spell_spe_id) VALUES (19, 32);
INSERT IGNORE INTO spell_spe (id, name, description) VALUES (33, 'Sournois', '+1 Dgts si la cible n''est pas déjà en combat et n''est pas alerte.');
INSERT INTO spell (id, name, niveau, rapide, description, amp, degat, zone, cmb) VALUES (20, 'Stupefix', 5, false, 'Impacte brutalement la cible et ralentit brièvement ses mouvements. Stupefix est le sortilège de défense non-létal le plus commun de l''arsenal des sorciers modernes.', 9, 1, 1, 1);
INSERT INTO spell_spell_type (spell_id, spell_type_id) SELECT 20, id FROM spell_type WHERE LOWER(name) = 'magie defensive';
INSERT INTO spell_spell_type (spell_id, spell_type_id) SELECT 20, id FROM spell_type WHERE LOWER(name) = 'entraves';
INSERT INTO spell_spell_spe (spell_id, spell_spe_id) VALUES (20, 8);
INSERT INTO spell_spell_spe (spell_id, spell_spe_id) VALUES (20, 33);
INSERT IGNORE INTO spell_spe (id, name, description) VALUES (34, 'Précis', 'Amp+4');
INSERT INTO spell (id, name, niveau, rapide, description, amp, degat, zone, cmb) VALUES (21, 'Arresto Momentum', 1, true, 'Réduit considérablement la vélocité d''un corps en mouvement.', 10, 0, 1, 0);
INSERT INTO spell_spell_type (spell_id, spell_type_id) SELECT 21, id FROM spell_type WHERE LOWER(name) = 'entraves';
INSERT INTO spell_spell_spe (spell_id, spell_spe_id) VALUES (21, 34);
INSERT INTO spell_spell_spe (spell_id, spell_spe_id) VALUES (21, 27);
INSERT IGNORE INTO spell_spe (id, name, description) VALUES (35, 'Mystique', 'Peut affecter des créatures invoquées.');
INSERT INTO spell (id, name, niveau, rapide, description, amp, degat, zone, cmb) VALUES (22, 'Bestia Tranquillum', 3, false, 'Apaise une créature non-invoquée, les effets pouvant aller de la rendre moins agressive jusqu''à l''endormir.', 10, 0, 1, 0);
INSERT INTO spell_spell_type (spell_id, spell_type_id) SELECT 22, id FROM spell_type WHERE LOWER(name) = 'creatures magiques';
INSERT INTO spell_spell_type (spell_id, spell_type_id) SELECT 22, id FROM spell_type WHERE LOWER(name) = 'guerison';
INSERT INTO spell_spell_spe (spell_id, spell_spe_id) VALUES (22, 35);
INSERT INTO spell_spell_spe (spell_id, spell_spe_id) VALUES (22, 22);
INSERT INTO spell (id, name, niveau, rapide, description, amp, degat, zone, cmb) VALUES (23, 'Brachium Emendo', 5, false, 'Répare des os brisés ou délogés.', 9, 0, 1, 0);
INSERT INTO spell_spell_type (spell_id, spell_type_id) SELECT 23, id FROM spell_type WHERE LOWER(name) = 'guerison';
INSERT INTO spell_spell_spe (spell_id, spell_spe_id) VALUES (23, 34);
INSERT INTO spell_spell_spe (spell_id, spell_spe_id) VALUES (23, 27);
INSERT IGNORE INTO spell_spe (id, name, description) VALUES (36, 'Repello Inimicum', 'Modification applicable au sortilège au prix d''une action rapide : quiconque franchit de l''extérieur vers l''intérieur la barrière du Repello Inimicum est brutalement repoussé et subit 1 Cmb.');
INSERT INTO spell (id, name, niveau, rapide, description, amp, degat, zone, cmb) VALUES (24, 'Cave inimicum', 5, false, 'Crée une bulle protectrice durable dissimulant ceux situés à l''intérieur des regards extérieurs.', 10, 0, 2, 0);
INSERT INTO spell_spell_type (spell_id, spell_type_id) SELECT 24, id FROM spell_type WHERE LOWER(name) = 'magie defensive';
INSERT INTO spell_spell_type (spell_id, spell_type_id) SELECT 24, id FROM spell_type WHERE LOWER(name) = 'entraves';
INSERT INTO spell_spell_spe (spell_id, spell_spe_id) VALUES (24, 36);
INSERT INTO spell_spell_spe (spell_id, spell_spe_id) VALUES (24, 22);
INSERT IGNORE INTO spell_spe (id, name, description) VALUES (37, 'Alerte', 'Le sorcier ayant lancé le sort est averti lorsque la serrure ciblée est forcée, que la tentative soit fructueuse ou non.');
INSERT IGNORE INTO spell_spe (id, name, description) VALUES (38, 'Intraçable', 'Nul sort ne permet de vérifier que la serrure enchantée l''a été par magie.');
INSERT INTO spell (id, name, niveau, rapide, description, amp, degat, zone, cmb) VALUES (25, 'Collaporta', 3, false, 'Verrouille magiquement une serrure : seul le lanceur du sort peut l''ouvrir sans la forcer.', 10, 0, 1, 0);
INSERT INTO spell_spell_type (spell_id, spell_type_id) SELECT 25, id FROM spell_type WHERE LOWER(name) = 'sortileges';
INSERT INTO spell_spell_type (spell_id, spell_type_id) SELECT 25, id FROM spell_type WHERE LOWER(name) = 'entraves';
INSERT INTO spell_spell_spe (spell_id, spell_spe_id) VALUES (25, 37);
INSERT INTO spell_spell_spe (spell_id, spell_spe_id) VALUES (25, 38);
INSERT IGNORE INTO spell_spe (id, name, description) VALUES (39, 'Tonifiant', 'La cible bénéficie d''Amp+4 à son prochain sort.');
INSERT INTO spell (id, name, niveau, rapide, description, amp, degat, zone, cmb) VALUES (26, 'Enervatum', 5, false, 'Revigore une cible affectée par tout sortilège ayant pour effet de la ralentir, la rendre pataude, lui imposer la confusion, etc.', 11, 0, 1, 0);
INSERT INTO spell_spell_type (spell_id, spell_type_id) SELECT 26, id FROM spell_type WHERE LOWER(name) = 'guerison';
INSERT INTO spell_spell_spe (spell_id, spell_spe_id) VALUES (26, 34);
INSERT INTO spell_spell_spe (spell_id, spell_spe_id) VALUES (26, 39);
INSERT IGNORE INTO spell_spe (id, name, description) VALUES (40, 'Retardé', 'La cible récupère 1PV la prochaine fois qu''elle subit un dégât, au lieu de le récupérer immédiatement.');
INSERT INTO spell (id, name, niveau, rapide, description, amp, degat, zone, cmb) VALUES (27, 'Episkey', 1, false, 'Guérit les blessures physiques les plus insignifiantes : une entaille, un hématome, un nez cassé, etc. La cible récupère 1PV.', 10, 0, 1, 0);
INSERT INTO spell_spell_type (spell_id, spell_type_id) SELECT 27, id FROM spell_type WHERE LOWER(name) = 'guerison';
INSERT INTO spell_spell_spe (spell_id, spell_spe_id) VALUES (27, 5);
INSERT INTO spell_spell_spe (spell_id, spell_spe_id) VALUES (27, 40);
INSERT INTO spell (id, name, niveau, rapide, description, amp, degat, zone, cmb) VALUES (28, 'Ferula', 1, false, 'Enroule des bandages ou une attelle magique autour d''un membre blessé. La cible récupère 1PV à la fin du tour suivant.', 10, 0, 1, 0);
INSERT INTO spell_spell_type (spell_id, spell_type_id) SELECT 28, id FROM spell_type WHERE LOWER(name) = 'guerison';
INSERT INTO spell_spell_spe (spell_id, spell_spe_id) VALUES (28, 39);
INSERT INTO spell_spell_spe (spell_id, spell_spe_id) VALUES (28, 15);
INSERT IGNORE INTO spell_spe (id, name, description) VALUES (41, 'Révélateur', 'Informe le sorcier de la nature du sort affectant la cible guérie.');
INSERT INTO spell (id, name, niveau, rapide, description, amp, degat, zone, cmb) VALUES (29, 'Finite', 5, false, 'Met fin aux effets d''une malédiction ou d''un sort durable affectant une cible vivante.', 10, 0, 1, 0);
INSERT INTO spell_spell_type (spell_id, spell_type_id) SELECT 29, id FROM spell_type WHERE LOWER(name) = 'guerison';
INSERT INTO spell_spell_spe (spell_id, spell_spe_id) VALUES (29, 34);
INSERT INTO spell_spell_spe (spell_id, spell_spe_id) VALUES (29, 41);
INSERT INTO spell (id, name, niveau, rapide, description, amp, degat, zone, cmb) VALUES (30, 'Immobilis', 3, false, 'Interrompt complètement mais de façon éphémère le mouvement d''un objet, qui reste figé dans sa position actuelle en faisant fi de sa vélocité, de la gravité, etc.', 12, 0, 1, 0);
INSERT INTO spell_spell_type (spell_id, spell_type_id) SELECT 30, id FROM spell_type WHERE LOWER(name) = 'entraves';
INSERT INTO spell_spell_spe (spell_id, spell_spe_id) VALUES (30, 22);
INSERT INTO spell_spell_spe (spell_id, spell_spe_id) VALUES (30, 5);
INSERT IGNORE INTO spell_spe (id, name, description) VALUES (42, 'Intense', 'Gagne la propriété 💪.');
INSERT INTO spell (id, name, niveau, rapide, description, amp, degat, zone, cmb) VALUES (31, 'Impedimenta', 1, true, 'Ralentit la cible vivante, réduisant l''Amp de son prochain sort de 4.', 10, 0, 1, 0);
INSERT INTO spell_spell_type (spell_id, spell_type_id) SELECT 31, id FROM spell_type WHERE LOWER(name) = 'entraves';
INSERT INTO spell_spell_spe (spell_id, spell_spe_id) VALUES (31, 18);
INSERT INTO spell_spell_spe (spell_id, spell_spe_id) VALUES (31, 42);
INSERT IGNORE INTO spell_spe (id, name, description) VALUES (43, 'Ablateur', 'Gagne la propriété :Pentagram: et réduit en bouillie la langue de la cible.');
INSERT INTO spell (id, name, niveau, rapide, description, amp, degat, zone, cmb) VALUES (32, 'Impeligua', 5, false, 'Colle la langue de la cible à son palais, la rendant mutique durant un court laps de temps.', 11, 0, 1, 0);
INSERT INTO spell_spell_type (spell_id, spell_type_id) SELECT 32, id FROM spell_type WHERE LOWER(name) = 'entraves';
INSERT INTO spell_spell_spe (spell_id, spell_spe_id) VALUES (32, 8);
INSERT INTO spell_spell_spe (spell_id, spell_spe_id) VALUES (32, 43);
INSERT IGNORE INTO spell_spe (id, name, description) VALUES (44, 'Inhumain', 'Gagne les propriétés 🐉 ou 🍄 lorsqu''utilisé contre des créatures non-humanoïdes ou des créatures végétales.');
INSERT INTO spell (id, name, niveau, rapide, description, amp, degat, zone, cmb) VALUES (33, 'Impero', 7, false, 'Soumet une cible à sa volonté, la forçant à obéir à ses ordres. Il s''agit de l''un des trois sortilèges impardonnables, dont l''usage est strictement interdit et passible d''une peine d''emprisonnement à vie.', 5, 0, 1, 0);
INSERT INTO spell_spell_type (spell_id, spell_type_id) SELECT 33, id FROM spell_type WHERE LOWER(name) = 'arts occultes';
INSERT INTO spell_spell_type (spell_id, spell_type_id) SELECT 33, id FROM spell_type WHERE LOWER(name) = 'entraves';
INSERT INTO spell_spell_spe (spell_id, spell_spe_id) VALUES (33, 38);
INSERT INTO spell_spell_spe (spell_id, spell_spe_id) VALUES (33, 44);
INSERT INTO spell (id, name, niveau, rapide, description, amp, degat, zone, cmb) VALUES (34, 'Incarcerem', 3, false, 'Fait surgir de la baguette des liens physiques s''enroulant autour de la cible pour la saucissonner. Les liens doivent être physiquement détachés et ne peuvent l''être par un simple contresort.', 12, 0, 1, 0);
INSERT INTO spell_spell_type (spell_id, spell_type_id) SELECT 34, id FROM spell_type WHERE LOWER(name) = 'entraves';
INSERT INTO spell_spell_spe (spell_id, spell_spe_id) VALUES (34, 15);
INSERT INTO spell_spell_spe (spell_id, spell_spe_id) VALUES (34, 34);
INSERT INTO spell (id, name, niveau, rapide, description, amp, degat, zone, cmb) VALUES (35, 'Liberacorpus', 3, false, 'Libère une cible vivante de tout sortilège de lévitation, et offre à votre prochaine action physique la propriété 💪 en rendant votre corps plus souple, plus vif.', 12, 0, 1, 0);
INSERT INTO spell_spell_type (spell_id, spell_type_id) SELECT 35, id FROM spell_type WHERE LOWER(name) = 'entraves';
INSERT INTO spell_spell_spe (spell_id, spell_spe_id) VALUES (35, 22);
INSERT INTO spell_spell_spe (spell_id, spell_spe_id) VALUES (35, 5);
INSERT INTO spell (id, name, niveau, rapide, description, amp, degat, zone, cmb) VALUES (36, 'Petrificus Totalus', 5, false, 'Immobilise complètement la cible organique, rigidifiant ses membres et la privant de ses fonctions motrices, mais pas de ses sens. Une fois affectée, la cible lance 1d10 à chaque début de tour. Si le résultat est strictement supérieur à 7, la cible se libère du sortilège, mais passe tout de même le tour en cours.', 8, 0, 1, 2);
INSERT INTO spell_spell_type (spell_id, spell_type_id) SELECT 36, id FROM spell_type WHERE LOWER(name) = 'entraves';
INSERT INTO spell_spell_spe (spell_id, spell_spe_id) VALUES (36, 34);
INSERT INTO spell_spell_spe (spell_id, spell_spe_id) VALUES (36, 18);
INSERT INTO spell (id, name, niveau, rapide, description, amp, degat, zone, cmb) VALUES (37, 'Relashio', 3, false, 'Libère une cible de ses entraves physiques, qu''elles soient appliquées par un objet ou une créature.', 10, 0, 1, 0);
INSERT INTO spell_spell_type (spell_id, spell_type_id) SELECT 37, id FROM spell_type WHERE LOWER(name) = 'sortileges';
INSERT INTO spell_spell_type (spell_id, spell_type_id) SELECT 37, id FROM spell_type WHERE LOWER(name) = 'entraves';
INSERT INTO spell_spell_spe (spell_id, spell_spe_id) VALUES (37, 27);
INSERT INTO spell_spell_spe (spell_id, spell_spe_id) VALUES (37, 5);
INSERT IGNORE INTO spell_spe (id, name, description) VALUES (45, 'Assommant', 'Au lieu d''être repoussés, les moldus affectés tombent dans un état d''inconscience durable.');
INSERT INTO spell (id, name, niveau, rapide, description, amp, degat, zone, cmb) VALUES (38, 'Repello Moldum', 5, false, 'Infuse la zone ciblée d''un maléfice n''affectant que les moldus, lesquels à l''approche de ladite zone sentent l''urgence d''aller voir ailleurs : ils se souviennent soudainement d''un rendez-vous dans la ville voisine, ressentent l''envie d''aller visiter une rue éloignée, etc.', 9, 0, 2, 0);
INSERT INTO spell_spell_type (spell_id, spell_type_id) SELECT 38, id FROM spell_type WHERE LOWER(name) = 'sortileges';
INSERT INTO spell_spell_type (spell_id, spell_type_id) SELECT 38, id FROM spell_type WHERE LOWER(name) = 'entraves';
INSERT INTO spell_spell_spe (spell_id, spell_spe_id) VALUES (38, 45);
INSERT INTO spell_spell_spe (spell_id, spell_spe_id) VALUES (38, 22);
INSERT INTO spell (id, name, niveau, rapide, description, amp, degat, zone, cmb) VALUES (39, 'Revigor', 5, false, 'Guérit partiellement la cible pour des blessures médianes, lui faisant récupérer 1PV et la libérant de toute réduction d''Amp active.', 10, 0, 1, 0);
INSERT INTO spell_spell_type (spell_id, spell_type_id) SELECT 39, id FROM spell_type WHERE LOWER(name) = 'guerison';
INSERT INTO spell_spell_spe (spell_id, spell_spe_id) VALUES (39, 19);
INSERT INTO spell_spell_spe (spell_id, spell_spe_id) VALUES (39, 42);
INSERT INTO spell (id, name, niveau, rapide, description, amp, degat, zone, cmb) VALUES (40, 'Terminus Machina', 3, false, 'Met fin aux phénomènes causés par la technologie moldue : réseau wifi, téléviseur, automobile, prise d''alimentation, etc.', 10, 0, 1, 0);
INSERT INTO spell_spell_type (spell_id, spell_type_id) SELECT 40, id FROM spell_type WHERE LOWER(name) = 'entraves';
INSERT INTO spell_spell_spe (spell_id, spell_spe_id) VALUES (40, 22);
INSERT INTO spell_spell_spe (spell_id, spell_spe_id) VALUES (40, 14);
INSERT IGNORE INTO spell_spe (id, name, description) VALUES (46, 'Vigoureux', 'Si la cible tombe KO, elle peut effectuer une action lente au lieu d''une action rapide.');
INSERT IGNORE INTO spell_spe (id, name, description) VALUES (47, 'Animal', 'Gagne la propriété 🐉 si le sortilège cible une créature non-humanoïde, et lui fait récupérer 2PV.');
INSERT INTO spell (id, name, niveau, rapide, description, amp, degat, zone, cmb) VALUES (41, 'Vulnera Senentur', 5, false, 'Referme les plaies et compense partiellement l''anémie. La cible récupère 1PV, et pourra effectuer une action rapide avant de tomber KO si, durant cet affrontement, ses PV devaient tomber à 0.', 10, 0, 1, 0);
INSERT INTO spell_spell_type (spell_id, spell_type_id) SELECT 41, id FROM spell_type WHERE LOWER(name) = 'guerison';
INSERT INTO spell_spell_spe (spell_id, spell_spe_id) VALUES (41, 46);
INSERT INTO spell_spell_spe (spell_id, spell_spe_id) VALUES (41, 47);
INSERT INTO spell (id, name, niveau, rapide, description, amp, degat, zone, cmb) VALUES (42, 'Aguamenti', 1, false, 'Fait apparaître de l''eau propre, potable et manipulable au bout de sa baguette. Particulièrement efficace contre les feux naturels ou magiques.', 12, 0, 1, 0);
INSERT INTO spell_spell_type (spell_id, spell_type_id) SELECT 42, id FROM spell_type WHERE LOWER(name) = 'magie elementaire';
INSERT INTO spell_spell_spe (spell_id, spell_spe_id) VALUES (42, 15);
INSERT INTO spell_spell_spe (spell_id, spell_spe_id) VALUES (42, 22);
INSERT IGNORE INTO spell_spe (id, name, description) VALUES (48, 'Défensif', 'Recouvre le corps entier du sorcier, et réduit l''Amp du prochain sort subi de 3. Cette utilisation gagne la propriété 🟡.');
INSERT INTO spell (id, name, niveau, rapide, description, amp, degat, zone, cmb) VALUES (43, 'Capubulla', 3, false, 'Recouvre la tête du sorcier d''une bulle d''air respirable et durable.', 10, 0, 1, 0);
INSERT INTO spell_spell_type (spell_id, spell_type_id) SELECT 43, id FROM spell_type WHERE LOWER(name) = 'metamorphose et transmutation';
INSERT INTO spell_spell_type (spell_id, spell_type_id) SELECT 43, id FROM spell_type WHERE LOWER(name) = 'magie elementaire';
INSERT INTO spell_spell_spe (spell_id, spell_spe_id) VALUES (43, 19);
INSERT INTO spell_spell_spe (spell_id, spell_spe_id) VALUES (43, 48);
INSERT IGNORE INTO spell_spe (id, name, description) VALUES (49, 'Opaque', 'Tant que la cible est emprisonnée, réduit l''Amp de ses sorts de 3.');
INSERT IGNORE INTO spell_spe (id, name, description) VALUES (50, 'Brutal', 'Inflige 1 Dgts avant d''appliquer le Cmb.');
INSERT INTO spell (id, name, niveau, rapide, description, amp, degat, zone, cmb) VALUES (44, 'Carceraqua', 5, false, 'Emprisonne la cible dans une sphère aqueuse animée de vortex centrifuges.', 10, 0, 1, 1);
INSERT INTO spell_spell_type (spell_id, spell_type_id) SELECT 44, id FROM spell_type WHERE LOWER(name) = 'entraves';
INSERT INTO spell_spell_type (spell_id, spell_type_id) SELECT 44, id FROM spell_type WHERE LOWER(name) = 'magie elementaire';
INSERT INTO spell_spell_spe (spell_id, spell_spe_id) VALUES (44, 49);
INSERT INTO spell_spell_spe (spell_id, spell_spe_id) VALUES (44, 50);
INSERT IGNORE INTO spell_spe (id, name, description) VALUES (51, 'Puissant', 'Permet de creuse dans d''autres matières que le roche.');
INSERT INTO spell (id, name, niveau, rapide, description, amp, degat, zone, cmb) VALUES (45, 'Defodio', 5, false, 'Creuse dans la roche ou les sols pour former de larges tunnels.', 10, 0, 2, 0);
INSERT INTO spell_spell_type (spell_id, spell_type_id) SELECT 45, id FROM spell_type WHERE LOWER(name) = 'metamorphose et transmutation';
INSERT INTO spell_spell_type (spell_id, spell_type_id) SELECT 45, id FROM spell_type WHERE LOWER(name) = 'magie elementaire';
INSERT INTO spell_spell_spe (spell_id, spell_spe_id) VALUES (45, 34);
INSERT INTO spell_spell_spe (spell_id, spell_spe_id) VALUES (45, 51);
INSERT IGNORE INTO spell_spe (id, name, description) VALUES (52, 'Stratégique', 'Cmb+1.');
INSERT IGNORE INTO spell_spe (id, name, description) VALUES (53, 'Solide', 'Variante ne visant qu''une cible, mais celle-ci doit utiliser une action lente pour briser la glace.');
INSERT INTO spell (id, name, niveau, rapide, description, amp, degat, zone, cmb) VALUES (46, 'Gelucrus', 5, false, 'Gèle les membres moteurs des cibles à portée de vue, les empêchant de se déplacer à moins d''utiliser leur action rapide pour briser la glace.', 10, 0, 2, 0);
INSERT INTO spell_spell_type (spell_id, spell_type_id) SELECT 46, id FROM spell_type WHERE LOWER(name) = 'entraves';
INSERT INTO spell_spell_type (spell_id, spell_type_id) SELECT 46, id FROM spell_type WHERE LOWER(name) = 'magie elementaire';
INSERT INTO spell_spell_spe (spell_id, spell_spe_id) VALUES (46, 52);
INSERT INTO spell_spell_spe (spell_id, spell_spe_id) VALUES (46, 53);
INSERT IGNORE INTO spell_spe (id, name, description) VALUES (54, 'Insistant', 'Vous pouvez utiliser votre action rapide pour utiliser Glacius une seconde fois. Si le dé affiche un résultat plus haut que lors de votre action lente, Glacius inflige 1 Dgts supplémentaire.');
INSERT INTO spell (id, name, niveau, rapide, description, amp, degat, zone, cmb) VALUES (47, 'Glacius', 3, false, 'Crée et propulse de la glace à vertu offensive.', 12, 1, 1, 0);
INSERT INTO spell_spell_type (spell_id, spell_type_id) SELECT 47, id FROM spell_type WHERE LOWER(name) = 'magie elementaire';
INSERT INTO spell_spell_spe (spell_id, spell_spe_id) VALUES (47, 54);
INSERT INTO spell_spell_spe (spell_id, spell_spe_id) VALUES (47, 18);
INSERT IGNORE INTO spell_spe (id, name, description) VALUES (55, 'Ardent', 'Le DD de réussite pour ne pas subir devient "strictement inférieur à 8".');
INSERT INTO spell (id, name, niveau, rapide, description, amp, degat, zone, cmb) VALUES (48, 'Ignimora', 5, false, 'Embrase la cible de flammes lancinantes et insistantes. À chaque début de tour, la cible lance 1d10. Si le résultat est strictement inférieur à 6, la cible subit 1 Dgts. Ignimora reste actif tant que la cible ne s''en débarrasse pas de façon appropriée, les flammes agissant comme des flammes non-magiques et pouvant être éteintes.', 12, 0, 1, 0);
INSERT INTO spell_spell_type (spell_id, spell_type_id) SELECT 48, id FROM spell_type WHERE LOWER(name) = 'magie elementaire';
INSERT INTO spell_spell_spe (spell_id, spell_spe_id) VALUES (48, 15);
INSERT INTO spell_spell_spe (spell_id, spell_spe_id) VALUES (48, 55);
INSERT INTO spell (id, name, niveau, rapide, description, amp, degat, zone, cmb) VALUES (49, 'Incendio', 1, false, 'Enflamme un combustible ou crée un trait de flammes à diriger vers l''ennemi', 11, 1, 1, 0);
INSERT INTO spell_spell_type (spell_id, spell_type_id) SELECT 49, id FROM spell_type WHERE LOWER(name) = 'magie elementaire';
INSERT INTO spell_spell_spe (spell_id, spell_spe_id) VALUES (49, 34);
INSERT INTO spell_spell_spe (spell_id, spell_spe_id) VALUES (49, 22);
INSERT IGNORE INTO spell_spe (id, name, description) VALUES (56, 'Protéiforme', 'Au prix d''une action rapide, le mur de glace devient apte à se distorde pour laisser passer les sorts autorisés par le sorcier, tout en faisant obstacle aux autres, jusqu''à que le mur soit détruit.');
INSERT INTO spell (id, name, niveau, rapide, description, amp, degat, zone, cmb) VALUES (50, 'Murugelu', 3, false, 'Érige un mur de glace, haut et épais.', 10, 0, 2, 0);
INSERT INTO spell_spell_type (spell_id, spell_type_id) SELECT 50, id FROM spell_type WHERE LOWER(name) = 'magie elementaire';
INSERT INTO spell_spell_spe (spell_id, spell_spe_id) VALUES (50, 34);
INSERT INTO spell_spell_spe (spell_id, spell_spe_id) VALUES (50, 56);
INSERT IGNORE INTO spell_spe (id, name, description) VALUES (57, 'Toxique', 'Gagne la propriété 🍄 et inflige 1 Dgts à tout être vivant animal terminant son tour dans la zone du sort.');
INSERT INTO spell (id, name, niveau, rapide, description, amp, degat, zone, cmb) VALUES (51, 'Nebulus', 3, false, 'Fait apparaître une nappe de brouillard épaisse et opaque, d''apparence naturelle.', 10, 0, 2, 0);
INSERT INTO spell_spell_type (spell_id, spell_type_id) SELECT 51, id FROM spell_type WHERE LOWER(name) = 'metamorphose et transmutation';
INSERT INTO spell_spell_type (spell_id, spell_type_id) SELECT 51, id FROM spell_type WHERE LOWER(name) = 'magie elementaire';
INSERT INTO spell_spell_spe (spell_id, spell_spe_id) VALUES (51, 22);
INSERT INTO spell_spell_spe (spell_id, spell_spe_id) VALUES (51, 57);
INSERT INTO spell (id, name, niveau, rapide, description, amp, degat, zone, cmb) VALUES (52, 'Pestis Incendium', 7, false, 'Connu sous le nom du maléfice de Feudeymon, le sortilège incante des flammes adoptant des formes d''animaux sauvages, qui chassent et détruisent alliés comme ennemis. Le sortilège est apte à détruire des objets protégés par magie.', 10, 2, 3, 0);
INSERT INTO spell_spell_type (spell_id, spell_type_id) SELECT 52, id FROM spell_type WHERE LOWER(name) = 'arts occultes';
INSERT INTO spell_spell_type (spell_id, spell_type_id) SELECT 52, id FROM spell_type WHERE LOWER(name) = 'magie elementaire';
INSERT INTO spell_spell_spe (spell_id, spell_spe_id) VALUES (52, 3);
INSERT INTO spell_spell_spe (spell_id, spell_spe_id) VALUES (52, 57);
INSERT IGNORE INTO spell_spe (id, name, description) VALUES (58, 'Marquant', 'Tout ennemi blessé par Protego Diabolica conserve à vie, sauf traitement magique spécifique, la marque d''une brûlure sombre à l''endroit que les flammes ont attaqué.');
INSERT INTO spell (id, name, niveau, rapide, description, amp, degat, zone, cmb) VALUES (53, 'Protego Diabolica', 5, false, 'Cerne une zone de flammes noires intenses laissant traverser les alliés du sorcier, mais brûlant ses ennemis.', 10, 1, 2, 0);
INSERT INTO spell_spell_type (spell_id, spell_type_id) SELECT 53, id FROM spell_type WHERE LOWER(name) = 'arts occultes';
INSERT INTO spell_spell_type (spell_id, spell_type_id) SELECT 53, id FROM spell_type WHERE LOWER(name) = 'magie elementaire';
INSERT INTO spell_spell_spe (spell_id, spell_spe_id) VALUES (53, 41);
INSERT INTO spell_spell_spe (spell_id, spell_spe_id) VALUES (53, 58);
INSERT IGNORE INTO spell_spe (id, name, description) VALUES (59, 'Végétal', 'Le sortilège gagne la propriété 🍄 et peut être utilisé sur des ligneux.');
INSERT INTO spell (id, name, niveau, rapide, description, amp, degat, zone, cmb) VALUES (54, 'Saxumerco', 1, false, 'Arrache à une paroi rocheuse d''épais fragments, qui sont ensuite propulsés vers la cible du sort.', 10, 2, 1, 0);
INSERT INTO spell_spell_type (spell_id, spell_type_id) SELECT 54, id FROM spell_type WHERE LOWER(name) = 'magie elementaire';
INSERT INTO spell_spell_spe (spell_id, spell_spe_id) VALUES (54, 40);
INSERT INTO spell_spell_spe (spell_id, spell_spe_id) VALUES (54, 59);
INSERT INTO spell (id, name, niveau, rapide, description, amp, degat, zone, cmb) VALUES (55, 'Tonitru Aures', 5, false, 'Incante un éclair incolore n''infligeant aucun dégât, mais dont la détonation crée un vacarme assourdissant.', 11, 0, 2, 1);
INSERT INTO spell_spell_type (spell_id, spell_type_id) SELECT 55, id FROM spell_type WHERE LOWER(name) = 'magie elementaire';
INSERT INTO spell_spell_spe (spell_id, spell_spe_id) VALUES (55, 22);
INSERT INTO spell_spell_spe (spell_id, spell_spe_id) VALUES (55, 15);
INSERT IGNORE INTO spell_spe (id, name, description) VALUES (60, 'Centrifuge', 'Inverse les effets du sortilège pour crée un tourbillon repoussant perpétuellement autour de lui au lieu d''attirer.');
INSERT IGNORE INTO spell_spe (id, name, description) VALUES (61, 'Désarmant', 'Si une cible du sort résiste à ses effets sur une marge de 2 ou moins, elle perd tout de même sa baguette.');
INSERT INTO spell (id, name, niveau, rapide, description, amp, degat, zone, cmb) VALUES (56, 'Turbentraho', 5, false, 'Crée un tourbillon centripète prenant rapidement la forme d''une tornade miniature, pouvant arracher meubles, baguettes, et même adversaires.', 11, 0, 2, 0);
INSERT INTO spell_spell_type (spell_id, spell_type_id) SELECT 56, id FROM spell_type WHERE LOWER(name) = 'magie elementaire';
INSERT INTO spell_spell_spe (spell_id, spell_spe_id) VALUES (56, 60);
INSERT INTO spell_spell_spe (spell_id, spell_spe_id) VALUES (56, 61);
INSERT IGNORE INTO spell_spe (id, name, description) VALUES (62, 'Instable', 'Si le résultat de votre dé se situe dans la plage [1->1+🔥], Velofulmen vous inflige également 1 Dgts. Si le résultat de votre dé se situe dans la plage [10->10+🔥], Velofulmen ne vous coûte pas votre action rapide.');
INSERT IGNORE INTO spell_spe (id, name, description) VALUES (63, 'Chargé', 'L''utilisation de Velofulmen vous octroie 1 charge. L''amplitude de votre prochain sortilège ayant la propriété 🔥 est augmentée de 4.');
INSERT INTO spell (id, name, niveau, rapide, description, amp, degat, zone, cmb) VALUES (57, 'Velofulmen', 3, true, 'Propulse un décharge électrique et ardente à la suite d''une incantation gestuelle particulièrement simple.', 10, 1, 1, 0);
INSERT INTO spell_spell_type (spell_id, spell_type_id) SELECT 57, id FROM spell_type WHERE LOWER(name) = 'magie elementaire';
INSERT INTO spell_spell_spe (spell_id, spell_spe_id) VALUES (57, 62);
INSERT INTO spell_spell_spe (spell_id, spell_spe_id) VALUES (57, 63);
INSERT IGNORE INTO spell_spe (id, name, description) VALUES (64, 'Ventus Maxima', 'Zone+2');
INSERT INTO spell (id, name, niveau, rapide, description, amp, degat, zone, cmb) VALUES (58, 'Ventus', 1, false, 'Crée une bourrasque puissante à l''impact similaire à celui d''un coup de poing.', 12, 1, 1, 0);
INSERT INTO spell_spell_type (spell_id, spell_type_id) SELECT 58, id FROM spell_type WHERE LOWER(name) = 'magie elementaire';
INSERT INTO spell_spell_spe (spell_id, spell_spe_id) VALUES (58, 50);
INSERT INTO spell_spell_spe (spell_id, spell_spe_id) VALUES (58, 64);
INSERT IGNORE INTO spell_spe (id, name, description) VALUES (65, 'Entravant', 'Gagne la propriété ⛓️ et Cmb+1.');
INSERT IGNORE INTO spell_spe (id, name, description) VALUES (66, 'Luxuriant', 'Dans un environnement déjà verdoyant, le sort ne coûte qu''une action rapide et gagne Amp+4.');
INSERT INTO spell (id, name, niveau, rapide, description, amp, degat, zone, cmb) VALUES (59, 'Vineispetum', 3, false, 'Fait sourdre d''épaisses vignes s''en prenant à vos adversaires avec virulence.', 10, 1, 1, 0);
INSERT INTO spell_spell_type (spell_id, spell_type_id) SELECT 59, id FROM spell_type WHERE LOWER(name) = 'plantes magiques';
INSERT INTO spell_spell_type (spell_id, spell_type_id) SELECT 59, id FROM spell_type WHERE LOWER(name) = 'magie elementaire';
INSERT INTO spell_spell_spe (spell_id, spell_spe_id) VALUES (59, 65);
INSERT INTO spell_spell_spe (spell_id, spell_spe_id) VALUES (59, 66);
INSERT IGNORE INTO spell_spe (id, name, description) VALUES (67, 'Transfigurant', 'Le sort peut être appliqué sur des êtres vivants.');
INSERT INTO spell (id, name, niveau, rapide, description, amp, degat, zone, cmb) VALUES (60, 'Amplificatum', 1, false, 'Augmente considérablement la taille d''un objet.', 12, 0, 1, 0);
INSERT INTO spell_spell_type (spell_id, spell_type_id) SELECT 60, id FROM spell_type WHERE LOWER(name) = 'metamorphose et transmutation';
INSERT INTO spell_spell_spe (spell_id, spell_spe_id) VALUES (60, 5);
INSERT INTO spell_spell_spe (spell_id, spell_spe_id) VALUES (60, 67);
INSERT IGNORE INTO spell_spe (id, name, description) VALUES (68, 'Efficace', 'Gagne la propriété 🟡, le sort devient informulé ( peut être lancé sans formuler d''incantation ), et le sort devient indétectable par des moyens magiques.');
INSERT IGNORE INTO spell_spe (id, name, description) VALUES (69, 'Mythique', 'Permet de remplacer sa forme animagus par celle d''une variante mythique de l''animal choisi.');
INSERT INTO spell (id, name, niveau, rapide, description, amp, degat, zone, cmb) VALUES (61, 'Animagus', 5, false, 'Capacité à effectuer une métamorphose complète en un animal précis. Une fois le sortilège maîtrisé, son exécution ne demande plus de lancer de dé. Reprendre sa forme humaine demande de relancer le sortilège.', 5, 0, 1, 0);
INSERT INTO spell_spell_type (spell_id, spell_type_id) SELECT 61, id FROM spell_type WHERE LOWER(name) = 'creatures magiques';
INSERT INTO spell_spell_type (spell_id, spell_type_id) SELECT 61, id FROM spell_type WHERE LOWER(name) = 'metamorphose et transmutation';
INSERT INTO spell_spell_spe (spell_id, spell_spe_id) VALUES (61, 68);
INSERT INTO spell_spell_spe (spell_id, spell_spe_id) VALUES (61, 69);
INSERT IGNORE INTO spell_spe (id, name, description) VALUES (70, 'Partiel', 'Permet de volontairement interrompre le sort à mi-chemin de la transformation de la cible, de sorte à ce que la cible, même sous cette forme, puisse vivre comme le ferait un simple animal.');
INSERT INTO spell (id, name, niveau, rapide, description, amp, degat, zone, cmb) VALUES (62, 'Animobie / Obianima', 3, false, 'Transforme temporairement un animal en objet de taille équivalente via l''incantation Animobie, ou l''inverse pour la variante Obianima.', 10, 0, 1, 0);
INSERT INTO spell_spell_type (spell_id, spell_type_id) SELECT 62, id FROM spell_type WHERE LOWER(name) = 'creatures magiques';
INSERT INTO spell_spell_type (spell_id, spell_type_id) SELECT 62, id FROM spell_type WHERE LOWER(name) = 'metamorphose et transmutation';
INSERT INTO spell_spell_spe (spell_id, spell_spe_id) VALUES (62, 70);
INSERT INTO spell_spell_spe (spell_id, spell_spe_id) VALUES (62, 59);
INSERT IGNORE INTO spell_spe (id, name, description) VALUES (71, 'Verrouillé', 'Seul le lanceur du sort peut fouiller l''objet enchanté.');
INSERT INTO spell (id, name, niveau, rapide, description, amp, degat, zone, cmb) VALUES (63, 'Capacious extremis', 5, false, 'Augmente considérablement la contenance d''un objet. Le poids contenu dans ledit objet diminue également drastiquement. Nul animal ne peut pénétrer un objet ainsi enchanté.', 11, 0, 1, 0);
INSERT INTO spell_spell_type (spell_id, spell_type_id) SELECT 63, id FROM spell_type WHERE LOWER(name) = 'metamorphose et transmutation';
INSERT INTO spell_spell_spe (spell_id, spell_spe_id) VALUES (63, 51);
INSERT INTO spell_spell_spe (spell_id, spell_spe_id) VALUES (63, 71);
INSERT INTO spell (id, name, niveau, rapide, description, amp, degat, zone, cmb) VALUES (64, 'Duro', 3, false, 'Octroie à une surface la consistance de la pierre, épaisse, solide.', 10, 0, 1, 0);
INSERT INTO spell_spell_type (spell_id, spell_type_id) SELECT 64, id FROM spell_type WHERE LOWER(name) = 'metamorphose et transmutation';
INSERT INTO spell_spell_type (spell_id, spell_type_id) SELECT 64, id FROM spell_type WHERE LOWER(name) = 'magie elementaire';
INSERT INTO spell_spell_spe (spell_id, spell_spe_id) VALUES (64, 22);
INSERT INTO spell_spell_spe (spell_id, spell_spe_id) VALUES (64, 59);
INSERT INTO spell (id, name, niveau, rapide, description, amp, degat, zone, cmb) VALUES (65, 'Elasticus', 3, false, 'Octroie à une surface la consistance du caoutchouc, élastique et résistant.', 12, 0, 1, 0);
INSERT INTO spell_spell_type (spell_id, spell_type_id) SELECT 65, id FROM spell_type WHERE LOWER(name) = 'metamorphose et transmutation';
INSERT INTO spell_spell_spe (spell_id, spell_spe_id) VALUES (65, 5);
INSERT INTO spell_spell_spe (spell_id, spell_spe_id) VALUES (65, 22);
INSERT INTO spell (id, name, niveau, rapide, description, amp, degat, zone, cmb) VALUES (66, 'Erigo', 1, false, 'Déploie ou bâtit un objet dont les composants sont présents et en bon état : une tente, un véhicule, etc.', 11, 0, 1, 0);
INSERT INTO spell_spell_type (spell_id, spell_type_id) SELECT 66, id FROM spell_type WHERE LOWER(name) = 'metamorphose et transmutation';
INSERT INTO spell_spell_type (spell_id, spell_type_id) SELECT 66, id FROM spell_type WHERE LOWER(name) = 'sortileges';
INSERT INTO spell_spell_spe (spell_id, spell_spe_id) VALUES (66, 22);
INSERT INTO spell_spell_spe (spell_id, spell_spe_id) VALUES (66, 27);
INSERT IGNORE INTO spell_spe (id, name, description) VALUES (72, 'Irrévocable', 'La sortilège dure jusqu''à qu''il soit dissipé par magie. Il souffre d''Amp-2, mais la cible du sortilège est constamment sous les effets de Cmb+1.');
INSERT INTO spell (id, name, niveau, rapide, description, amp, degat, zone, cmb) VALUES (67, 'Furunculus', 3, false, 'Recouvre le corps de la cible de furoncles douloureux et irritants.', 12, 0, 1, 1);
INSERT INTO spell_spell_type (spell_id, spell_type_id) SELECT 67, id FROM spell_type WHERE LOWER(name) = 'metamorphose et transmutation';
INSERT INTO spell_spell_spe (spell_id, spell_spe_id) VALUES (67, 8);
INSERT INTO spell_spell_spe (spell_id, spell_spe_id) VALUES (67, 72);
INSERT INTO spell (id, name, niveau, rapide, description, amp, degat, zone, cmb) VALUES (68, 'Gemino', 3, false, 'Crée une copie de l''objet non-magique ciblé, pour peu qu''il soit de petite taille.', 10, 0, 1, 0);
INSERT INTO spell_spell_type (spell_id, spell_type_id) SELECT 68, id FROM spell_type WHERE LOWER(name) = 'metamorphose et transmutation';
INSERT INTO spell_spell_spe (spell_id, spell_spe_id) VALUES (68, 51);
INSERT INTO spell_spell_spe (spell_id, spell_spe_id) VALUES (68, 35);
INSERT INTO spell (id, name, niveau, rapide, description, amp, degat, zone, cmb) VALUES (69, 'Glisseo', 1, false, 'Rend une surface particulièrement lisse et glissante : peut être utilisé pour aplanir un escalier, etc.', 11, 0, 2, 0);
INSERT INTO spell_spell_type (spell_id, spell_type_id) SELECT 69, id FROM spell_type WHERE LOWER(name) = 'metamorphose et transmutation';
INSERT INTO spell_spell_spe (spell_id, spell_spe_id) VALUES (69, 34);
INSERT INTO spell_spell_spe (spell_id, spell_spe_id) VALUES (69, 5);
INSERT IGNORE INTO spell_spe (id, name, description) VALUES (73, 'Exaltant', 'Tant que le sorcier se tient dans la zone crée, ses sorts bénéficiant de la propriété 🍄 gagnent Amp+3.');
INSERT INTO spell (id, name, niveau, rapide, description, amp, degat, zone, cmb) VALUES (70, 'Herbivius', 5, false, 'Fait naître une végétation luxuriante constituée d''herbacés comme de ligneux dans la zone d''impact du sortilège, à une vitesse affolante.', 10, 0, 2, 0);
INSERT INTO spell_spell_type (spell_id, spell_type_id) SELECT 70, id FROM spell_type WHERE LOWER(name) = 'plantes magiques';
INSERT INTO spell_spell_type (spell_id, spell_type_id) SELECT 70, id FROM spell_type WHERE LOWER(name) = 'metamorphose et transmutation';
INSERT INTO spell_spell_spe (spell_id, spell_spe_id) VALUES (70, 22);
INSERT INTO spell_spell_spe (spell_id, spell_spe_id) VALUES (70, 73);
INSERT INTO spell (id, name, niveau, rapide, description, amp, degat, zone, cmb) VALUES (71, 'Morphanima', 5, false, 'Transforme des parties précises du corps du sorcier en parties animales, d''un simple membre à une métamorphose complète mais éphémère.', 10, 0, 1, 0);
INSERT INTO spell_spell_type (spell_id, spell_type_id) SELECT 71, id FROM spell_type WHERE LOWER(name) = 'creatures magiques';
INSERT INTO spell_spell_type (spell_id, spell_type_id) SELECT 71, id FROM spell_type WHERE LOWER(name) = 'metamorphose et transmutation';
INSERT INTO spell_spell_spe (spell_id, spell_spe_id) VALUES (71, 59);
INSERT INTO spell_spell_spe (spell_id, spell_spe_id) VALUES (71, 47);
INSERT IGNORE INTO spell_spe (id, name, description) VALUES (74, 'Multiple', 'Les oiseaux sont suffisamment nombreux pour s''en prendre à trois cibles simultanément. Ils se dissipent tous, malgré tout, si l''un d''entre eux subit de lourds dégâts.');
INSERT INTO spell (id, name, niveau, rapide, description, amp, degat, zone, cmb) VALUES (72, 'Oppungo', 1, false, 'Forme une volée d''oiseaux de petite taille pouvant s''en prendre à toute cible. Les oiseaux harcèlent leur cible et leur imposent un malus d''Amp-3 sur tous ses sorts jusqu''à qu''ils soient chassés.', 10, 0, 1, 0);
INSERT INTO spell_spell_type (spell_id, spell_type_id) SELECT 72, id FROM spell_type WHERE LOWER(name) = 'creatures magiques';
INSERT INTO spell_spell_type (spell_id, spell_type_id) SELECT 72, id FROM spell_type WHERE LOWER(name) = 'metamorphose et transmutation';
INSERT INTO spell_spell_spe (spell_id, spell_spe_id) VALUES (72, 74);
INSERT INTO spell_spell_spe (spell_id, spell_spe_id) VALUES (72, 15);
INSERT IGNORE INTO spell_spe (id, name, description) VALUES (75, 'Abstrait', 'Gagne la propriété 🔥 et peut affecter une surface minérale pour la modeler en une statue représentant un être vivant.');
INSERT INTO spell (id, name, niveau, rapide, description, amp, degat, zone, cmb) VALUES (73, 'Piertotum Locomotor', 7, false, 'Donne temporairement vie à une statue représentant un être vivant. La statue se bat à vos côtés, peut encaisser 3 Dgts, attaque avec une Amp de 15 et inflige 2 Dgts.', 10, 0, 1, 0);
INSERT INTO spell_spell_type (spell_id, spell_type_id) SELECT 73, id FROM spell_type WHERE LOWER(name) = 'metamorphose et transmutation';
INSERT INTO spell_spell_type (spell_id, spell_type_id) SELECT 73, id FROM spell_type WHERE LOWER(name) = 'sortileges';
INSERT INTO spell_spell_spe (spell_id, spell_spe_id) VALUES (73, 19);
INSERT INTO spell_spell_spe (spell_id, spell_spe_id) VALUES (73, 75);
INSERT INTO spell (id, name, niveau, rapide, description, amp, degat, zone, cmb) VALUES (74, 'Pigmabscondo', 5, false, 'Octroie à l''être vivant affecté un camouflage -imparfait- similaire à celui d''une pieuvre, son corps adoptant les couleurs de la surface proche de laquelle il se tient. Lancer a des chances de vous extraire de votre camouflage, selon sa nature, un sortilège offensif vous sortant systématiquement de camouflage.', 10, 0, 1, 0);
INSERT INTO spell_spell_type (spell_id, spell_type_id) SELECT 74, id FROM spell_type WHERE LOWER(name) = 'creatures magiques';
INSERT INTO spell_spell_type (spell_id, spell_type_id) SELECT 74, id FROM spell_type WHERE LOWER(name) = 'metamorphose et transmutation';
INSERT INTO spell_spell_spe (spell_id, spell_spe_id) VALUES (74, 38);
INSERT INTO spell_spell_spe (spell_id, spell_spe_id) VALUES (74, 48);
INSERT INTO spell (id, name, niveau, rapide, description, amp, degat, zone, cmb) VALUES (75, 'Reducto', 3, false, 'Réduit considérablement la taille d''un objet de taille jusqu''à moyenne.', 13, 0, 1, 0);
INSERT INTO spell_spell_type (spell_id, spell_type_id) SELECT 75, id FROM spell_type WHERE LOWER(name) = 'metamorphose et transmutation';
INSERT INTO spell_spell_spe (spell_id, spell_spe_id) VALUES (75, 51);
INSERT INTO spell_spell_spe (spell_id, spell_spe_id) VALUES (75, 5);
INSERT IGNORE INTO spell_spe (id, name, description) VALUES (76, 'Secret', 'Gagne la propriété 🪄, et seuls les individus mis dans la confidence peuvent observer les changements de forme des objets enchantés.');
INSERT IGNORE INTO spell_spe (id, name, description) VALUES (77, 'Lointain', 'Usage alternatif du sortilège, permettant de modifier des détails de l''apparence d''un objet à distance sans le lier à d''autres objets.');
INSERT INTO spell (id, name, niveau, rapide, description, amp, degat, zone, cmb) VALUES (76, 'Sacreforma', 5, false, 'Lie plusieurs objets similaires entre eux et permet de modifier la forme de tous les objets liés, à distance, tant que le sortilège est ensuite ré-appliqué à l''un des objets. Ex: le titre d''une série d''affiches, la date plusieurs copies du même document, etc.', 12, 0, 1, 0);
INSERT INTO spell_spell_type (spell_id, spell_type_id) SELECT 76, id FROM spell_type WHERE LOWER(name) = 'metamorphose et transmutation';
INSERT INTO spell_spell_spe (spell_id, spell_spe_id) VALUES (76, 76);
INSERT INTO spell_spell_spe (spell_id, spell_spe_id) VALUES (76, 77);
INSERT IGNORE INTO spell_spe (id, name, description) VALUES (78, 'Serpentsoria Regalus', 'Le serpent devient un serpent géant, plus résistant et plus puissant.');
INSERT IGNORE INTO spell_spe (id, name, description) VALUES (79, 'Constricteur', 'Si le serpent parvient à attaquer la cible, il peut alors l''enserrer et lui infliger 2 Cmb. Un sort attaquant la cible ainsi entravée détruit le serpent.');
INSERT INTO spell (id, name, niveau, rapide, description, amp, degat, zone, cmb) VALUES (77, 'Serpentsoria', 3, false, 'Invoque un serpent obéissant à vos commandes, et pouvant attaquer vos cibles.', 10, 0, 1, 0);
INSERT INTO spell_spell_type (spell_id, spell_type_id) SELECT 77, id FROM spell_type WHERE LOWER(name) = 'creatures magiques';
INSERT INTO spell_spell_type (spell_id, spell_type_id) SELECT 77, id FROM spell_type WHERE LOWER(name) = 'metamorphose et transmutation';
INSERT INTO spell_spell_spe (spell_id, spell_spe_id) VALUES (77, 78);
INSERT INTO spell_spell_spe (spell_id, spell_spe_id) VALUES (77, 79);
INSERT INTO spell (id, name, niveau, rapide, description, amp, degat, zone, cmb) VALUES (78, 'Accio', 3, false, 'Attire à soi un objet à portée de vue que le lanceur de sort peut nommer. Ne fonctionne pas sur les baguettes magiques.', 11, 0, 1, 0);
INSERT INTO spell_spell_type (spell_id, spell_type_id) SELECT 78, id FROM spell_type WHERE LOWER(name) = 'sortileges';
INSERT INTO spell_spell_spe (spell_id, spell_spe_id) VALUES (78, 77);
INSERT INTO spell_spell_spe (spell_id, spell_spe_id) VALUES (78, 5);
INSERT INTO spell (id, name, niveau, rapide, description, amp, degat, zone, cmb) VALUES (79, 'Alohomora', 3, false, 'Déverrouille les serrures non-magiques, au contact de la baguette.', 10, 0, 1, 0);
INSERT INTO spell_spell_type (spell_id, spell_type_id) SELECT 79, id FROM spell_type WHERE LOWER(name) = 'sortileges';
INSERT INTO spell_spell_type (spell_id, spell_type_id) SELECT 79, id FROM spell_type WHERE LOWER(name) = 'entraves';
INSERT INTO spell_spell_spe (spell_id, spell_spe_id) VALUES (79, 51);
INSERT INTO spell_spell_spe (spell_id, spell_spe_id) VALUES (79, 24);
INSERT IGNORE INTO spell_spe (id, name, description) VALUES (80, 'Graphique', 'Peut potentiellement faire apparaître des images de la scène, en fonction du résultat du dé.');
INSERT INTO spell (id, name, niveau, rapide, description, amp, degat, zone, cmb) VALUES (80, 'Appare Vestigium', 5, false, 'Révèle les traces de passage et d''activités magiques récentes, dans une fourchette de temps dépendant du résultat du dé.', 11, 0, 2, 0);
INSERT INTO spell_spell_type (spell_id, spell_type_id) SELECT 80, id FROM spell_type WHERE LOWER(name) = 'sortileges';
INSERT INTO spell_spell_spe (spell_id, spell_spe_id) VALUES (80, 34);
INSERT INTO spell_spell_spe (spell_id, spell_spe_id) VALUES (80, 80);
INSERT INTO spell (id, name, niveau, rapide, description, amp, degat, zone, cmb) VALUES (81, 'Assurdiato', 3, false, 'Crée des bourdonnements perceptibles uniquement par la cible du sortilège, la rendant inapte à percevoir auditivement ses alentours pour quelques minutes.', 10, 0, 1, 0);
INSERT INTO spell_spell_type (spell_id, spell_type_id) SELECT 81, id FROM spell_type WHERE LOWER(name) = 'sortileges';
INSERT INTO spell_spell_type (spell_id, spell_type_id) SELECT 81, id FROM spell_type WHERE LOWER(name) = 'entraves';
INSERT INTO spell_spell_spe (spell_id, spell_spe_id) VALUES (81, 72);
INSERT INTO spell_spell_spe (spell_id, spell_spe_id) VALUES (81, 19);
INSERT INTO spell (id, name, niveau, rapide, description, amp, degat, zone, cmb) VALUES (82, 'Diffindo', 1, false, 'Découpe avec précision, au contact ou à distance, sur une zone réduite.', 10, 1, 1, 0);
INSERT INTO spell_spell_type (spell_id, spell_type_id) SELECT 82, id FROM spell_type WHERE LOWER(name) = 'magie defensive';
INSERT INTO spell_spell_type (spell_id, spell_type_id) SELECT 82, id FROM spell_type WHERE LOWER(name) = 'sortileges';
INSERT INTO spell_spell_spe (spell_id, spell_spe_id) VALUES (82, 18);
INSERT INTO spell_spell_spe (spell_id, spell_spe_id) VALUES (82, 3);
INSERT INTO spell (id, name, niveau, rapide, description, amp, degat, zone, cmb) VALUES (83, 'Expulso', 1, false, 'Repousse un objet de façon peut précise. La distance parcourue dépend du poids de l''objet et du résultat du dé.', 12, 1, 1, 0);
INSERT INTO spell_spell_type (spell_id, spell_type_id) SELECT 83, id FROM spell_type WHERE LOWER(name) = 'sortileges';
INSERT INTO spell_spell_spe (spell_id, spell_spe_id) VALUES (83, 22);
INSERT INTO spell_spell_spe (spell_id, spell_spe_id) VALUES (83, 5);
INSERT IGNORE INTO spell_spe (id, name, description) VALUES (81, 'Protecteur', 'La cible ne peut plus être affectée par un maléfice durant une courte période, à condition qu''un maléfice soit dissipé grâce à Finite Incantatem.');
INSERT INTO spell (id, name, niveau, rapide, description, amp, degat, zone, cmb) VALUES (84, 'Finite Incantatem', 5, false, 'Met fin à un enchantement ou un maléfice temporaire ayant une cible unique non-vivante.', 10, 0, 1, 0);
INSERT INTO spell_spell_type (spell_id, spell_type_id) SELECT 84, id FROM spell_type WHERE LOWER(name) = 'sortileges';
INSERT INTO spell_spell_spe (spell_id, spell_spe_id) VALUES (84, 51);
INSERT INTO spell_spell_spe (spell_id, spell_spe_id) VALUES (84, 81);
INSERT IGNORE INTO spell_spe (id, name, description) VALUES (82, 'Ignifuge', 'La surface ciblée devient également insensible aux effets de la chaleur.');
INSERT INTO spell (id, name, niveau, rapide, description, amp, degat, zone, cmb) VALUES (85, 'Impervius', 1, false, 'Rend une surface imperméable.', 14, 0, 1, 0);
INSERT INTO spell_spell_type (spell_id, spell_type_id) SELECT 85, id FROM spell_type WHERE LOWER(name) = 'sortileges';
INSERT INTO spell_spell_spe (spell_id, spell_spe_id) VALUES (85, 82);
INSERT INTO spell_spell_spe (spell_id, spell_spe_id) VALUES (85, 22);
INSERT IGNORE INTO spell_spe (id, name, description) VALUES (83, 'Rassérénant', 'La cible ne subit plus de perte d''attention et devient plus confiante, bénéficiant d''Amp+1 à tous ses sorts jusqu''à en échouer un ou subir un dégât. Lorsque lancé sur une cible alliée, le sort gagne la propriété 💗.');
INSERT INTO spell (id, name, niveau, rapide, description, amp, degat, zone, cmb) VALUES (86, 'Laetimollis', 3, false, 'Fait bénéficier à la cible d''un état de douce allégresse, réduisant son attention.', 12, 0, 1, 0);
INSERT INTO spell_spell_type (spell_id, spell_type_id) SELECT 86, id FROM spell_type WHERE LOWER(name) = 'sortileges';
INSERT INTO spell_spell_spe (spell_id, spell_spe_id) VALUES (86, 83);
INSERT INTO spell_spell_spe (spell_id, spell_spe_id) VALUES (86, 8);
INSERT IGNORE INTO spell_spe (id, name, description) VALUES (84, 'Occlumens', 'Legilimens peut être lancé sur soi, pour protéger son esprit de tentatives d''intrusions. Dans ce cadre uniquement, il gagne la propriété 🛡️');
INSERT IGNORE INTO spell_spe (id, name, description) VALUES (85, 'Intrusif', 'Le sort gagne la propriété :Pentagram:');
INSERT INTO spell (id, name, niveau, rapide, description, amp, degat, zone, cmb) VALUES (87, 'Legilimens', 5, false, 'Permet de lire les pensées d''une cible.', 10, 0, 1, 0);
INSERT INTO spell_spell_type (spell_id, spell_type_id) SELECT 87, id FROM spell_type WHERE LOWER(name) = 'sortileges';
INSERT INTO spell_spell_spe (spell_id, spell_spe_id) VALUES (87, 84);
INSERT INTO spell_spell_spe (spell_id, spell_spe_id) VALUES (87, 85);
INSERT INTO spell (id, name, niveau, rapide, description, amp, degat, zone, cmb) VALUES (88, 'Levicorpus', 3, false, 'Suspend une cible dans les airs, par la ou les chevilles.', 12, 0, 1, 1);
INSERT INTO spell_spell_type (spell_id, spell_type_id) SELECT 88, id FROM spell_type WHERE LOWER(name) = 'sortileges';
INSERT INTO spell_spell_spe (spell_id, spell_spe_id) VALUES (88, 5);
INSERT INTO spell_spell_spe (spell_id, spell_spe_id) VALUES (88, 33);
INSERT INTO spell (id, name, niveau, rapide, description, amp, degat, zone, cmb) VALUES (89, 'Locomotor Barda', 1, false, 'Range des objets à leur place désignée : des bagages dans une valise, des stylos dans leur trousse, etc.', 14, 0, 2, 0);
INSERT INTO spell_spell_type (spell_id, spell_type_id) SELECT 89, id FROM spell_type WHERE LOWER(name) = 'sortileges';
INSERT INTO spell_spell_spe (spell_id, spell_spe_id) VALUES (89, 27);
INSERT INTO spell_spell_spe (spell_id, spell_spe_id) VALUES (89, 22);
INSERT IGNORE INTO spell_spe (id, name, description) VALUES (86, 'Lumos Maxima', 'Zone+1, gagne la propriété 🟡, et éblouit légèrement et temporairement tout individu ayant la source de lumière en vue au moment de l''incantation.');
INSERT INTO spell (id, name, niveau, rapide, description, amp, degat, zone, cmb) VALUES (90, 'Lumos', 1, false, 'Crée une source de lumière à l''extrémité de la baguette du sorcier. La lumière crée disparaît suite à l''incantation "Nox".', 12, 0, 1, 0);
INSERT INTO spell_spell_type (spell_id, spell_type_id) SELECT 90, id FROM spell_type WHERE LOWER(name) = 'sortileges';
INSERT INTO spell_spell_spe (spell_id, spell_spe_id) VALUES (90, 28);
INSERT INTO spell_spell_spe (spell_id, spell_spe_id) VALUES (90, 86);
INSERT IGNORE INTO spell_spe (id, name, description) VALUES (87, 'Absorbant', 'Le maléfice conjuré est stocké dans la baguette, et peut être ré-utilisé, une fois, à la guise du sorcier.');
INSERT INTO spell (id, name, niveau, rapide, description, amp, degat, zone, cmb) VALUES (91, 'Meteorribilis Recanto', 3, false, 'Met fin à tout maléfice climatique.', 14, 0, 2, 0);
INSERT INTO spell_spell_type (spell_id, spell_type_id) SELECT 91, id FROM spell_type WHERE LOWER(name) = 'sortileges';
INSERT INTO spell_spell_spe (spell_id, spell_spe_id) VALUES (91, 51);
INSERT INTO spell_spell_spe (spell_id, spell_spe_id) VALUES (91, 87);
INSERT IGNORE INTO spell_spe (id, name, description) VALUES (88, 'Occulte', 'Gagne la propriété :Pentagram:, et l''obscurité devient une obscurité magique ne pouvant être chassée par de simples sources de lumière ou un sortilège Lumos.');
INSERT INTO spell (id, name, niveau, rapide, description, amp, degat, zone, cmb) VALUES (92, 'Obscuro', 3, false, 'Plonge une zone dans l''obscurité.', 11, 0, 2, 0);
INSERT INTO spell_spell_type (spell_id, spell_type_id) SELECT 92, id FROM spell_type WHERE LOWER(name) = 'sortileges';
INSERT INTO spell_spell_spe (spell_id, spell_spe_id) VALUES (92, 22);
INSERT INTO spell_spell_spe (spell_id, spell_spe_id) VALUES (92, 88);
INSERT IGNORE INTO spell_spe (id, name, description) VALUES (89, 'Convaincant', 'Remplace les souvenirs chassés par de nouveaux, au choix du lanceur de sort. La qualité des souvenirs remplacés dépendra du résultat du dé. Gagne la propriété 🐉 si lancé sur une créature non-humanoïde.');
INSERT IGNORE INTO spell_spe (id, name, description) VALUES (90, 'Lobotomisant', 'Gagne la propriété :Pentagram:, et chasse les souvenirs de la cible sur une durée bien plus longue.');
INSERT INTO spell (id, name, niveau, rapide, description, amp, degat, zone, cmb) VALUES (93, 'Oubliettes', 5, false, 'Chasse de la mémoire de la cible ses récents souvenirs.', 7, 0, 1, 0);
INSERT INTO spell_spell_type (spell_id, spell_type_id) SELECT 93, id FROM spell_type WHERE LOWER(name) = 'sortileges';
INSERT INTO spell_spell_type (spell_id, spell_type_id) SELECT 93, id FROM spell_type WHERE LOWER(name) = 'entraves';
INSERT INTO spell_spell_spe (spell_id, spell_spe_id) VALUES (93, 89);
INSERT INTO spell_spell_spe (spell_id, spell_spe_id) VALUES (93, 90);
INSERT INTO spell (id, name, niveau, rapide, description, amp, degat, zone, cmb) VALUES (94, 'Priori Incantatum', 5, false, 'Révèle le dernier sortilège utilisé par une baguette magique.', 10, 0, 1, 0);
INSERT INTO spell_spell_type (spell_id, spell_type_id) SELECT 94, id FROM spell_type WHERE LOWER(name) = 'sortileges';
INSERT INTO spell_spell_spe (spell_id, spell_spe_id) VALUES (94, 34);
INSERT INTO spell_spell_spe (spell_id, spell_spe_id) VALUES (94, 51);
INSERT INTO spell (id, name, niveau, rapide, description, amp, degat, zone, cmb) VALUES (95, 'Reparo', 1, false, 'Redonne à un objet sa forme d''origine, tant que ses fragments sont à proximité..', 10, 0, 1, 0);
INSERT INTO spell_spell_type (spell_id, spell_type_id) SELECT 95, id FROM spell_type WHERE LOWER(name) = 'metamorphose et transmutation';
INSERT INTO spell_spell_type (spell_id, spell_type_id) SELECT 95, id FROM spell_type WHERE LOWER(name) = 'sortileges';
INSERT INTO spell_spell_spe (spell_id, spell_spe_id) VALUES (95, 22);
INSERT INTO spell_spell_spe (spell_id, spell_spe_id) VALUES (95, 51);
INSERT IGNORE INTO spell_spe (id, name, description) VALUES (91, 'Épuisant', 'Étend la durée du sortilège à plusieurs heures.');
INSERT INTO spell (id, name, niveau, rapide, description, amp, degat, zone, cmb) VALUES (96, 'Rictusempra', 3, false, 'Force la cible à rire de façon incontrôlée pendant quelques minutes, la rendant moins habile.', 12, 0, 1, 1);
INSERT INTO spell_spell_type (spell_id, spell_type_id) SELECT 96, id FROM spell_type WHERE LOWER(name) = 'sortileges';
INSERT INTO spell_spell_spe (spell_id, spell_spe_id) VALUES (96, 91);
INSERT INTO spell_spell_spe (spell_id, spell_spe_id) VALUES (96, 8);
INSERT IGNORE INTO spell_spe (id, name, description) VALUES (92, 'Tonitruant', 'Amp+4 sur le prochain sort formulé offensif lancé par la cible.');
INSERT IGNORE INTO spell_spe (id, name, description) VALUES (93, 'Inanimé', 'Le sort peut être lancé sur des objets pour amplifier les sons en leur provenance : une chute d''eau, une porte qui grince, etc.');
INSERT INTO spell (id, name, niveau, rapide, description, amp, degat, zone, cmb) VALUES (97, 'Sonorus', 1, true, 'Augmente considérablement le volume de la voix de la cible.', 10, 0, 1, 0);
INSERT INTO spell_spell_type (spell_id, spell_type_id) SELECT 97, id FROM spell_type WHERE LOWER(name) = 'sortileges';
INSERT INTO spell_spell_type (spell_id, spell_type_id) SELECT 97, id FROM spell_type WHERE LOWER(name) = 'condition physique';
INSERT INTO spell_spell_spe (spell_id, spell_spe_id) VALUES (97, 92);
INSERT INTO spell_spell_spe (spell_id, spell_spe_id) VALUES (97, 93);
INSERT IGNORE INTO spell_spe (id, name, description) VALUES (94, 'D''escorte', 'Permet de transporter un passager lors d''un transplanage, tant que le contact physique est maintenu.');
INSERT INTO spell (id, name, niveau, rapide, description, amp, degat, zone, cmb) VALUES (98, 'Transplanage', 7, false, 'Fait disparaître le sorcier, et le laisse réapparaître à un endroit de sa connaissance ou qu''il a en ligne de vue.', 10, 0, 1, 0);
INSERT INTO spell_spell_type (spell_id, spell_type_id) SELECT 98, id FROM spell_type WHERE LOWER(name) = 'sortileges';
INSERT INTO spell_spell_spe (spell_id, spell_spe_id) VALUES (98, 5);
INSERT INTO spell_spell_spe (spell_id, spell_spe_id) VALUES (98, 94);
INSERT IGNORE INTO spell_spe (id, name, description) VALUES (95, 'Auto-Centré', 'Le sort peut être lancé sur soi-même.');
INSERT INTO spell (id, name, niveau, rapide, description, amp, degat, zone, cmb) VALUES (99, 'Wingardium Leviosa', 1, false, 'Fait léviter un objet, puis le manipule dans les airs à la guise du sorcier. Ne peut pas être utilisé sur une baguette magique.', 12, 0, 1, 0);
INSERT INTO spell_spell_type (spell_id, spell_type_id) SELECT 99, id FROM spell_type WHERE LOWER(name) = 'sortileges';
INSERT INTO spell_spell_spe (spell_id, spell_spe_id) VALUES (99, 22);
INSERT INTO spell_spell_spe (spell_id, spell_spe_id) VALUES (99, 95);